X Position,Y Position,Time
0.0,0.0,0.0
6.0,357.0,0.016666666666666666
10.0,363.0,0.03333333333333333
15.0,370.0,0.05
15.0,370.0,0.06666666666666667
20.0,375.0,0.08333333333333333
29.0,382.0,0.1
41.0,388.0,0.11666666666666667
52.0,394.0,0.13333333333333333
64.0,400.0,0.15
77.0,407.0,0.16666666666666666
91.0,412.0,0.18333333333333332
105.0,418.0,0.2
119.0,423.0,0.21666666666666667
148.0,432.0,0.23333333333333334
148.0,432.0,0.25
164.0,436.0,0.26666666666666666
179.0,439.0,0.2833333333333333
194.0,442.0,0.3
210.0,444.0,0.31666666666666665
224.0,446.0,0.3333333333333333
241.0,448.0,0.35
256.0,448.0,0.36666666666666664
270.0,448.0,0.38333333333333336
285.0,448.0,0.4
299.0,446.0,0.4166666666666667
313.0,445.0,0.43333333333333335
313.0,445.0,0.45
327.0,443.0,0.4666666666666667
340.0,441.0,0.48333333333333334
353.0,439.0,0.5
364.0,435.0,0.5166666666666667
376.0,432.0,0.5333333333333333
387.0,429.0,0.55
398.0,426.0,0.5666666666666667
406.0,423.0,0.5833333333333334
416.0,419.0,0.6
424.0,415.0,0.6166666666666667
424.0,415.0,0.6333333333333333
432.0,411.0,0.65
440.0,407.0,0.6666666666666666
447.0,404.0,0.6833333333333333
453.0,400.0,0.7
459.0,397.0,0.7166666666666667
464.0,394.0,0.7333333333333333
473.0,388.0,0.75
476.0,386.0,0.7666666666666667
478.0,384.0,0.7833333333333333
480.0,382.0,0.8
480.0,380.0,0.8166666666666667
480.0,380.0,0.8333333333333334
481.0,379.0,0.85
482.0,378.0,0.8666666666666667
482.0,378.0,0.8833333333333333
482.0,378.0,0.9
482.0,378.0,0.9166666666666666
482.0,378.0,0.9333333333333333
481.0,379.0,0.95
480.0,381.0,0.9666666666666667
479.0,382.0,0.9833333333333333
478.0,384.0,1.0
475.0,387.0,1.0166666666666666
472.0,389.0,1.0333333333333334
467.0,391.0,1.05
463.0,395.0,1.0666666666666667
457.0,397.0,1.0833333333333333
452.0,401.0,1.1
446.0,404.0,1.1166666666666667
439.0,407.0,1.1333333333333333
432.0,411.0,1.15
424.0,415.0,1.1666666666666667
416.0,419.0,1.1833333333333333
408.0,421.0,1.2
408.0,422.0,1.2166666666666666
398.0,425.0,1.2333333333333334
388.0,429.0,1.25
378.0,432.0,1.2666666666666666
368.0,435.0,1.2833333333333334
358.0,438.0,1.3
346.0,440.0,1.3166666666666667
335.0,442.0,1.3333333333333333
323.0,444.0,1.35
311.0,445.0,1.3666666666666667
299.0,446.0,1.3833333333333333
286.0,448.0,1.4
274.0,448.0,1.4166666666666667
261.0,448.0,1.4333333333333333
249.0,448.0,1.45
237.0,447.0,1.4666666666666666
224.0,446.0,1.4833333333333334
211.0,445.0,1.5
199.0,443.0,1.5166666666666666
187.0,441.0,1.5333333333333334
177.0,439.0,1.55
164.0,436.0,1.5666666666666667
153.0,434.0,1.5833333333333333
143.0,431.0,1.6
143.0,431.0,1.6166666666666667
132.0,428.0,1.6333333333333333
122.0,424.0,1.65
113.0,421.0,1.6666666666666667
103.0,418.0,1.6833333333333333
95.0,414.0,1.7
87.0,411.0,1.7166666666666666
79.0,408.0,1.7333333333333334
71.0,404.0,1.75
65.0,401.0,1.7666666666666666
59.0,398.0,1.7833333333333334
59.0,398.0,1.8
53.0,395.0,1.8166666666666667
43.0,390.0,1.8333333333333333
39.0,388.0,1.85
35.0,386.0,1.8666666666666667
32.0,384.0,1.8833333333333333
30.0,382.0,1.9
28.0,381.0,1.9166666666666667
26.0,380.0,1.9333333333333333
25.0,380.0,1.95
24.0,379.0,1.9666666666666666
24.0,379.0,1.9833333333333334
24.0,379.0,2.0
25.0,379.0,2.0166666666666666
26.0,380.0,2.033333333333333
28.0,381.0,2.05
30.0,382.0,2.066666666666667
32.0,384.0,2.0833333333333335
35.0,386.0,2.1
39.0,388.0,2.1166666666666667
43.0,390.0,2.1333333333333333
47.0,392.0,2.15
52.0,395.0,2.1666666666666665
57.0,398.0,2.183333333333333
57.0,398.0,2.2
64.0,400.0,2.216666666666667
63.0,400.0,2.2333333333333334
70.0,404.0,2.25
77.0,407.0,2.2666666666666666
77.0,407.0,2.283333333333333
85.0,410.0,2.3
92.0,413.0,2.316666666666667
100.0,416.0,2.3333333333333335
117.0,423.0,2.35
146.0,431.0,2.3666666666666667
146.0,431.0,2.3833333333333333
156.0,434.0,2.4
167.0,436.0,2.4166666666666665
177.0,439.0,2.433333333333333
187.0,441.0,2.45
198.0,442.0,2.466666666666667
209.0,444.0,2.4833333333333334
219.0,445.0,2.5
230.0,446.0,2.5166666666666666
241.0,447.0,2.533333333333333
251.0,448.0,2.55
262.0,448.0,2.566666666666667
272.0,447.0,2.5833333333333335
272.0,447.0,2.6
282.0,447.0,2.6166666666666667
292.0,446.0,2.6333333333333333
312.0,444.0,2.65
320.0,442.0,2.6666666666666665
330.0,442.0,2.683333333333333
338.0,440.0,2.7
347.0,438.0,2.716666666666667
354.0,436.0,2.7333333333333334
362.0,435.0,2.75
369.0,433.0,2.7666666666666666
369.0,433.0,2.783333333333333
376.0,431.0,2.8
382.0,429.0,2.816666666666667
389.0,427.0,2.8333333333333335
394.0,425.0,2.85
400.0,423.0,2.8666666666666667
405.0,422.0,2.8833333333333333
409.0,421.0,2.9
413.0,419.0,2.9166666666666665
417.0,417.0,2.933333333333333
419.0,417.0,2.95
423.0,415.0,2.966666666666667
423.0,415.0,2.9833333333333334
425.0,414.0,3.0
429.0,413.0,3.0166666666666666
429.0,413.0,3.033333333333333
430.0,412.0,3.05
431.0,412.0,3.066666666666667
430.0,411.0,3.0833333333333335
429.0,413.0,3.1
428.0,413.0,3.1166666666666667
428.0,413.0,3.1333333333333333
425.0,415.0,3.15
423.0,415.0,3.1666666666666665
423.0,415.0,3.183333333333333
421.0,417.0,3.2
421.0,417.0,3.216666666666667
418.0,418.0,3.2333333333333334
411.0,421.0,3.25
406.0,422.0,3.2666666666666666
402.0,424.0,3.283333333333333
398.0,426.0,3.3
391.0,428.0,3.316666666666667
386.0,430.0,3.3333333333333335
380.0,432.0,3.35
374.0,434.0,3.3666666666666667
374.0,433.0,3.3833333333333333
359.0,438.0,3.4
352.0,438.0,3.4166666666666665
344.0,440.0,3.433333333333333
336.0,442.0,3.45
328.0,444.0,3.466666666666667
320.0,444.0,3.4833333333333334
310.0,446.0,3.5
302.0,446.0,3.5166666666666666
292.0,447.0,3.533333333333333
284.0,447.0,3.55
284.0,447.0,3.566666666666667
274.0,448.0,3.5833333333333335
265.0,448.0,3.6
255.0,448.0,3.6166666666666667
245.0,448.0,3.6333333333333333
237.0,447.0,3.65
228.0,446.0,3.6666666666666665
219.0,445.0,3.683333333333333
209.0,445.0,3.7
201.0,443.0,3.716666666666667
191.0,442.0,3.7333333333333334
183.0,440.0,3.75
183.0,440.0,3.7666666666666666
175.0,439.0,3.783333333333333
167.0,437.0,3.8
159.0,435.0,3.816666666666667
151.0,433.0,3.8333333333333335
144.0,431.0,3.85
137.0,429.0,3.8666666666666667
131.0,427.0,3.8833333333333333
124.0,425.0,3.9
118.0,423.0,3.9166666666666665
113.0,421.0,3.933333333333333
108.0,419.0,3.95
103.0,417.0,3.966666666666667
103.0,417.0,3.9833333333333334
99.0,416.0,4.0
95.0,414.0,4.016666666666667
91.0,413.0,4.033333333333333
88.0,411.0,4.05
85.0,410.0,4.066666666666666
83.0,409.0,4.083333333333333
81.0,408.0,4.1
78.0,407.0,4.116666666666666
77.0,407.0,4.133333333333334
77.0,407.0,4.15
77.0,407.0,4.166666666666667
77.0,407.0,4.183333333333334
78.0,407.0,4.2
79.0,408.0,4.216666666666667
80.0,408.0,4.233333333333333
82.0,409.0,4.25
86.0,411.0,4.266666666666667
89.0,412.0,4.283333333333333
93.0,413.0,4.3
96.0,415.0,4.316666666666666
101.0,417.0,4.333333333333333
101.0,417.0,4.35
105.0,418.0,4.366666666666666
110.0,420.0,4.383333333333334
115.0,422.0,4.4
121.0,424.0,4.416666666666667
127.0,426.0,4.433333333333334
133.0,427.0,4.45
139.0,429.0,4.466666666666667
145.0,431.0,4.483333333333333
153.0,433.0,4.5
159.0,435.0,4.516666666666667
167.0,437.0,4.533333333333333
167.0,437.0,4.55
175.0,438.0,4.566666666666666
182.0,440.0,4.583333333333333
190.0,441.0,4.6
198.0,442.0,4.616666666666666
206.0,444.0,4.633333333333334
215.0,445.0,4.65
223.0,445.0,4.666666666666667
231.0,446.0,4.683333333333334
239.0,446.0,4.7
255.0,448.0,4.716666666666667
264.0,448.0,4.733333333333333
264.0,448.0,4.75
271.0,448.0,4.766666666666667
279.0,447.0,4.783333333333333
286.0,446.0,4.8
294.0,446.0,4.816666666666666
302.0,445.0,4.833333333333333
308.0,445.0,4.85
316.0,444.0,4.866666666666666
322.0,442.0,4.883333333333334
328.0,442.0,4.9
334.0,441.0,4.916666666666667
340.0,440.0,4.933333333333334
340.0,440.0,4.95
346.0,438.0,4.966666666666667
351.0,438.0,4.983333333333333
356.0,437.0,5.0
361.0,435.0,5.016666666666667
366.0,434.0,5.033333333333333
369.0,433.0,5.05
373.0,432.0,5.066666666666666
379.0,430.0,5.083333333333333
382.0,429.0,5.1
384.0,429.0,5.116666666666666
384.0,429.0,5.133333333333334
386.0,427.0,5.15
388.0,427.0,5.166666666666667
389.0,427.0,5.183333333333334
390.0,427.0,5.2
391.0,427.0,5.216666666666667
391.0,427.0,5.233333333333333
391.0,427.0,5.25
391.0,427.0,5.266666666666667
390.0,427.0,5.283333333333333
389.0,428.0,5.3
387.0,428.0,5.316666666666666
388.0,428.0,5.333333333333333
385.0,429.0,5.35
384.0,429.0,5.366666666666666
382.0,429.0,5.383333333333334
379.0,431.0,5.4
376.0,431.0,5.416666666666667
373.0,433.0,5.433333333333334
369.0,434.0,5.45
361.0,436.0,5.466666666666667
356.0,438.0,5.483333333333333
351.0,438.0,5.5
351.0,438.0,5.516666666666667
346.0,439.0,5.533333333333333
341.0,440.0,5.55
335.0,442.0,5.566666666666666
336.0,442.0,5.583333333333333
329.0,442.0,5.6
324.0,444.0,5.616666666666666
316.0,445.0,5.633333333333334
304.0,446.0,5.65
297.0,446.0,5.666666666666667
290.0,447.0,5.683333333333334
283.0,448.0,5.7
276.0,447.0,5.716666666666667
276.0,447.0,5.733333333333333
268.0,447.0,5.75
261.0,447.0,5.766666666666667
253.0,448.0,5.783333333333333
238.0,447.0,5.8
231.0,447.0,5.816666666666666
224.0,445.0,5.833333333333333
224.0,445.0,5.85
217.0,446.0,5.866666666666666
210.0,444.0,5.883333333333334
196.0,443.0,5.9
196.0,443.0,5.916666666666667
189.0,441.0,5.933333333333334
183.0,440.0,5.95
176.0,439.0,5.966666666666667
170.0,437.0,5.983333333333333
165.0,436.0,6.0
159.0,435.0,6.016666666666667
153.0,433.0,6.033333333333333
148.0,431.0,6.05
144.0,431.0,6.066666666666666
139.0,429.0,6.083333333333333
135.0,429.0,6.1
135.0,429.0,6.116666666666666
131.0,427.0,6.133333333333334
128.0,425.0,6.15
124.0,425.0,6.166666666666667
121.0,423.0,6.183333333333334
116.0,422.0,6.2
116.0,423.0,6.216666666666667
113.0,421.0,6.233333333333333
112.0,421.0,6.25
111.0,420.0,6.266666666666667
111.0,420.0,6.283333333333333
111.0,420.0,6.3
111.0,419.0,6.316666666666666
111.0,420.0,6.333333333333333
111.0,420.0,6.35
112.0,421.0,6.366666666666666
113.0,421.0,6.383333333333334
115.0,421.0,6.4
117.0,422.0,6.416666666666667
119.0,423.0,6.433333333333334
121.0,423.0,6.45
124.0,425.0,6.466666666666667
127.0,426.0,6.483333333333333
127.0,426.0,6.5
131.0,427.0,6.516666666666667
135.0,428.0,6.533333333333333
139.0,429.0,6.55
143.0,430.0,6.566666666666666
147.0,431.0,6.583333333333333
152.0,433.0,6.6
157.0,434.0,6.616666666666666
168.0,437.0,6.633333333333334
174.0,437.0,6.65
180.0,439.0,6.666666666666667
180.0,439.0,6.683333333333334
186.0,440.0,6.7
191.0,442.0,6.716666666666667
199.0,442.0,6.733333333333333
204.0,443.0,6.75
211.0,444.0,6.766666666666667
218.0,445.0,6.783333333333333
224.0,446.0,6.8
231.0,445.0,6.816666666666666
238.0,446.0,6.833333333333333
244.0,447.0,6.85
250.0,447.0,6.866666666666666
250.0,447.0,6.883333333333334
258.0,447.0,6.9
264.0,447.0,6.916666666666667
270.0,447.0,6.933333333333334
276.0,447.0,6.95
282.0,447.0,6.966666666666667
288.0,446.0,6.983333333333333
294.0,446.0,7.0
300.0,445.0,7.016666666666667
311.0,445.0,7.033333333333333
316.0,444.0,7.05
321.0,443.0,7.066666666666666
321.0,443.0,7.083333333333333
326.0,442.0,7.1
330.0,442.0,7.116666666666666
335.0,441.0,7.133333333333334
338.0,440.0,7.15
342.0,440.0,7.166666666666667
345.0,438.0,7.183333333333334
349.0,438.0,7.2
351.0,438.0,7.216666666666667
355.0,437.0,7.233333333333333
357.0,436.0,7.25
357.0,436.0,7.266666666666667
359.0,436.0,7.283333333333333
361.0,436.0,7.3
363.0,436.0,7.316666666666666
363.0,435.0,7.333333333333333
365.0,435.0,7.35
365.0,434.0,7.366666666666666
366.0,434.0,7.383333333333334
365.0,434.0,7.4
365.0,434.0,7.416666666666667
365.0,434.0,7.433333333333334
365.0,435.0,7.45
364.0,435.0,7.466666666666667
362.0,436.0,7.483333333333333
360.0,436.0,7.5
359.0,437.0,7.516666666666667
357.0,438.0,7.533333333333333
353.0,438.0,7.55
351.0,438.0,7.566666666666666
348.0,440.0,7.583333333333333
345.0,440.0,7.6
341.0,440.0,7.616666666666666
338.0,442.0,7.633333333333334
334.0,442.0,7.65
334.0,442.0,7.666666666666667
330.0,443.0,7.683333333333334
326.0,444.0,7.7
320.0,444.0,7.716666666666667
320.0,444.0,7.733333333333333
316.0,445.0,7.75
306.0,446.0,7.766666666666667
300.0,446.0,7.783333333333333
294.0,447.0,7.8
284.0,447.0,7.816666666666666
278.0,448.0,7.833333333333333
278.0,448.0,7.85
272.0,448.0,7.866666666666666
266.0,448.0,7.883333333333334
260.0,447.0,7.9
253.0,447.0,7.916666666666667
247.0,448.0,7.933333333333334
242.0,448.0,7.95
236.0,447.0,7.966666666666667
228.0,447.0,7.983333333333333
223.0,445.0,8.0
217.0,446.0,8.016666666666667
212.0,445.0,8.033333333333333
212.0,445.0,8.05
206.0,443.0,8.066666666666666
200.0,443.0,8.083333333333334
194.0,441.0,8.1
190.0,441.0,8.116666666666667
185.0,440.0,8.133333333333333
180.0,439.0,8.15
175.0,439.0,8.166666666666666
171.0,437.0,8.183333333333334
166.0,436.0,8.2
162.0,435.0,8.216666666666667
158.0,435.0,8.233333333333333
155.0,433.0,8.25
152.0,433.0,8.266666666666667
149.0,432.0,8.283333333333333
146.0,431.0,8.3
144.0,431.0,8.316666666666666
142.0,429.0,8.333333333333334
140.0,429.0,8.35
138.0,429.0,8.366666666666667
136.0,429.0,8.383333333333333
136.0,429.0,8.4
134.0,428.0,8.416666666666666
134.0,427.0,8.433333333333334
134.0,427.0,8.45
134.0,427.0,8.466666666666667
134.0,427.0,8.483333333333333
134.0,427.0,8.5
135.0,428.0,8.516666666666667
135.0,428.0,8.533333333333333
135.0,428.0,8.55
136.0,429.0,8.566666666666666
136.0,429.0,8.583333333333334
138.0,429.0,8.6
141.0,429.0,8.616666666666667
145.0,431.0,8.633333333333333
151.0,433.0,8.65
153.0,433.0,8.666666666666666
157.0,434.0,8.683333333333334
160.0,435.0,8.7
165.0,436.0,8.716666666666667
168.0,437.0,8.733333333333333
172.0,437.0,8.75
176.0,439.0,8.766666666666667
181.0,439.0,8.783333333333333
186.0,440.0,8.8
190.0,441.0,8.816666666666666
190.0,441.0,8.833333333333334
196.0,441.0,8.85
200.0,443.0,8.866666666666667
206.0,443.0,8.883333333333333
211.0,444.0,8.9
216.0,445.0,8.916666666666666
222.0,445.0,8.933333333333334
228.0,445.0,8.95
232.0,445.0,8.966666666666667
238.0,446.0,8.983333333333333
244.0,447.0,9.0
250.0,448.0,9.016666666666667
250.0,448.0,9.033333333333333
254.0,447.0,9.05
266.0,447.0,9.066666666666666
270.0,447.0,9.083333333333334
276.0,446.0,9.1
280.0,446.0,9.116666666666667
286.0,446.0,9.133333333333333
290.0,446.0,9.15
295.0,446.0,9.166666666666666
295.0,446.0,9.183333333333334
304.0,444.0,9.2
308.0,444.0,9.216666666666667
308.0,445.0,9.233333333333333
312.0,444.0,9.25
316.0,443.0,9.266666666666667
320.0,443.0,9.283333333333333
323.0,442.0,9.3
326.0,442.0,9.316666666666666
330.0,442.0,9.333333333333334
332.0,442.0,9.35
335.0,442.0,9.366666666666667
337.0,440.0,9.383333333333333
339.0,440.0,9.4
339.0,440.0,9.416666666666666
341.0,440.0,9.433333333333334
342.0,440.0,9.45
343.0,440.0,9.466666666666667
345.0,440.0,9.483333333333333
345.0,440.0,9.5
346.0,440.0,9.516666666666667
347.0,440.0,9.533333333333333
347.0,440.0,9.55
346.0,440.0,9.566666666666666
345.0,440.0,9.583333333333334
345.0,440.0,9.6
345.0,440.0,9.616666666666667
343.0,440.0,9.633333333333333
342.0,440.0,9.65
341.0,440.0,9.666666666666666
339.0,442.0,9.683333333333334
337.0,442.0,9.7
335.0,442.0,9.716666666666667
332.0,442.0,9.733333333333333
329.0,443.0,9.75
326.0,444.0,9.766666666666667
323.0,443.0,9.783333333333333
320.0,444.0,9.8
320.0,444.0,9.816666666666666
316.0,444.0,9.833333333333334
313.0,445.0,9.85
309.0,445.0,9.866666666666667
304.0,446.0,9.883333333333333
300.0,446.0,9.9
296.0,447.0,9.916666666666666
292.0,448.0,9.933333333333334
288.0,448.0,9.95
282.0,448.0,9.966666666666667
272.0,448.0,9.983333333333333
272.0,448.0,10.0
268.0,448.0,10.016666666666667
262.0,447.0,10.033333333333333
258.0,448.0,10.05
252.0,447.0,10.066666666666666
247.0,448.0,10.083333333333334
242.0,447.0,10.1
238.0,447.0,10.116666666666667
232.0,446.0,10.133333333333333
227.0,446.0,10.15
222.0,445.0,10.166666666666666
218.0,446.0,10.183333333333334
218.0,446.0,10.2
212.0,445.0,10.216666666666667
203.0,444.0,10.233333333333333
203.0,444.0,10.25
198.0,443.0,10.266666666666667
194.0,441.0,10.283333333333333
186.0,441.0,10.3
182.0,439.0,10.316666666666666
179.0,439.0,10.333333333333334
176.0,439.0,10.35
172.0,437.0,10.366666666666667
172.0,437.0,10.383333333333333
170.0,437.0,10.4
166.0,436.0,10.416666666666666
164.0,435.0,10.433333333333334
162.0,435.0,10.45
160.0,435.0,10.466666666666667
158.0,434.0,10.483333333333333
156.0,433.0,10.5
154.0,433.0,10.516666666666667
154.0,433.0,10.533333333333333
152.0,433.0,10.55
152.0,433.0,10.566666666666666
151.0,433.0,10.583333333333334
151.0,433.0,10.6
151.0,433.0,10.616666666666667
151.0,433.0,10.633333333333333
152.0,433.0,10.65
152.0,433.0,10.666666666666666
153.0,433.0,10.683333333333334
155.0,433.0,10.7
156.0,433.0,10.716666666666667
158.0,435.0,10.733333333333333
160.0,435.0,10.75
160.0,435.0,10.766666666666667
162.0,435.0,10.783333333333333
164.0,435.0,10.8
166.0,436.0,10.816666666666666
170.0,437.0,10.833333333333334
172.0,437.0,10.85
176.0,438.0,10.866666666666667
179.0,439.0,10.883333333333333
182.0,439.0,10.9
186.0,440.0,10.916666666666666
190.0,441.0,10.933333333333334
194.0,442.0,10.95
194.0,442.0,10.966666666666667
199.0,442.0,10.983333333333333
202.0,443.0,11.0
207.0,444.0,11.016666666666667
216.0,445.0,11.033333333333333
220.0,445.0,11.05
225.0,446.0,11.066666666666666
229.0,446.0,11.083333333333334
235.0,446.0,11.1
238.0,446.0,11.116666666666667
244.0,447.0,11.133333333333333
248.0,447.0,11.15
248.0,447.0,11.166666666666666
253.0,447.0,11.183333333333334
258.0,448.0,11.2
262.0,447.0,11.216666666666667
266.0,447.0,11.233333333333333
272.0,447.0,11.25
276.0,447.0,11.266666666666667
280.0,447.0,11.283333333333333
284.0,446.0,11.3
288.0,446.0,11.316666666666666
292.0,446.0,11.333333333333334
296.0,446.0,11.35
296.0,446.0,11.366666666666667
300.0,446.0,11.383333333333333
303.0,445.0,11.4
310.0,444.0,11.416666666666666
312.0,445.0,11.433333333333334
315.0,445.0,11.45
318.0,444.0,11.466666666666667
321.0,444.0,11.483333333333333
324.0,442.0,11.5
325.0,442.0,11.516666666666667
328.0,442.0,11.533333333333333
328.0,442.0,11.55
328.0,442.0,11.566666666666666
330.0,442.0,11.583333333333334
331.0,442.0,11.6
332.0,442.0,11.616666666666667
333.0,442.0,11.633333333333333
333.0,442.0,11.65
334.0,442.0,11.666666666666666
334.0,442.0,11.683333333333334
334.0,442.0,11.7
334.0,442.0,11.716666666666667
333.0,442.0,11.733333333333333
333.0,442.0,11.75
333.0,442.0,11.766666666666667
331.0,442.0,11.783333333333333
331.0,443.0,11.8
328.0,442.0,11.816666666666666
325.0,444.0,11.833333333333334
324.0,444.0,11.85
321.0,444.0,11.866666666666667
319.0,444.0,11.883333333333333
317.0,445.0,11.9
314.0,445.0,11.916666666666666
314.0,445.0,11.933333333333334
312.0,445.0,11.95
308.0,445.0,11.966666666666667
306.0,446.0,11.983333333333333
301.0,446.0,12.0
298.0,447.0,12.016666666666667
294.0,447.0,12.033333333333333
290.0,447.0,12.05
287.0,448.0,12.066666666666666
283.0,447.0,12.083333333333334
278.0,447.0,12.1
274.0,447.0,12.116666666666667
274.0,447.0,12.133333333333333
270.0,447.0,12.15
266.0,448.0,12.166666666666666
262.0,448.0,12.183333333333334
252.0,448.0,12.2
252.0,448.0,12.216666666666667
244.0,448.0,12.233333333333333
240.0,448.0,12.25
234.0,446.0,12.266666666666667
230.0,447.0,12.283333333333333
226.0,446.0,12.3
226.0,446.0,12.316666666666666
222.0,445.0,12.333333333333334
218.0,446.0,12.35
214.0,445.0,12.366666666666667
210.0,444.0,12.383333333333333
206.0,444.0,12.4
202.0,443.0,12.416666666666666
198.0,443.0,12.433333333333334
194.0,441.0,12.45
191.0,442.0,12.466666666666667
188.0,441.0,12.483333333333333
185.0,440.0,12.5
185.0,440.0,12.516666666666667
182.0,439.0,12.533333333333333
180.0,439.0,12.55
177.0,439.0,12.566666666666666
175.0,437.0,12.583333333333334
172.0,437.0,12.6
170.0,437.0,12.616666666666667
168.0,437.0,12.633333333333333
166.0,436.0,12.65
165.0,435.0,12.666666666666666
164.0,435.0,12.683333333333334
164.0,435.0,12.7
164.0,435.0,12.716666666666667
163.0,435.0,12.733333333333333
163.0,435.0,12.75
163.0,435.0,12.766666666666667
163.0,435.0,12.783333333333333
163.0,435.0,12.8
164.0,435.0,12.816666666666666
164.0,436.0,12.833333333333334
166.0,435.0,12.85
167.0,437.0,12.866666666666667
169.0,437.0,12.883333333333333
169.0,437.0,12.9
170.0,437.0,12.916666666666666
172.0,437.0,12.933333333333334
174.0,437.0,12.95
176.0,438.0,12.966666666666667
179.0,439.0,12.983333333333333
181.0,439.0,13.0
184.0,439.0,13.016666666666667
187.0,441.0,13.033333333333333
190.0,441.0,13.05
193.0,441.0,13.066666666666666
196.0,441.0,13.083333333333334
200.0,442.0,13.1
203.0,443.0,13.116666666666667
207.0,443.0,13.133333333333333
211.0,443.0,13.15
215.0,444.0,13.166666666666666
218.0,445.0,13.183333333333334
222.0,446.0,13.2
227.0,445.0,13.216666666666667
230.0,445.0,13.233333333333333
235.0,446.0,13.25
239.0,447.0,13.266666666666667
244.0,447.0,13.283333333333333
244.0,447.0,13.3
248.0,448.0,13.316666666666666
252.0,447.0,13.333333333333334
256.0,448.0,13.35
260.0,448.0,13.366666666666667
264.0,447.0,13.383333333333333
268.0,447.0,13.4
272.0,447.0,13.416666666666666
276.0,448.0,13.433333333333334
280.0,447.0,13.45
283.0,447.0,13.466666666666667
283.0,447.0,13.483333333333333
286.0,446.0,13.5
290.0,446.0,13.516666666666667
296.0,446.0,13.533333333333333
300.0,446.0,13.55
302.0,445.0,13.566666666666666
305.0,445.0,13.583333333333334
308.0,445.0,13.6
310.0,445.0,13.616666666666667
312.0,445.0,13.633333333333333
315.0,444.0,13.65
317.0,444.0,13.666666666666666
317.0,444.0,13.683333333333334
318.0,444.0,13.7
319.0,444.0,13.716666666666667
322.0,444.0,13.733333333333333
322.0,444.0,13.75
323.0,443.0,13.766666666666667
324.0,443.0,13.783333333333333
325.0,444.0,13.8
325.0,444.0,13.816666666666666
325.0,443.0,13.833333333333334
325.0,443.0,13.85
325.0,443.0,13.866666666666667
324.0,443.0,13.883333333333333
323.0,444.0,13.9
323.0,444.0,13.916666666666666
322.0,444.0,13.933333333333334
321.0,444.0,13.95
319.0,444.0,13.966666666666667
318.0,445.0,13.983333333333333
316.0,445.0,14.0
314.0,445.0,14.016666666666667
312.0,445.0,14.033333333333333
312.0,445.0,14.05
310.0,445.0,14.066666666666666
308.0,445.0,14.083333333333334
305.0,446.0,14.1
302.0,446.0,14.116666666666667
299.0,446.0,14.133333333333333
296.0,447.0,14.15
293.0,447.0,14.166666666666666
290.0,447.0,14.183333333333334
284.0,447.0,14.2
280.0,448.0,14.216666666666667
276.0,447.0,14.233333333333333
276.0,447.0,14.25
276.0,447.0,14.266666666666667
272.0,447.0,14.283333333333333
269.0,447.0,14.3
265.0,448.0,14.316666666666666
261.0,448.0,14.333333333333334
257.0,448.0,14.35
253.0,448.0,14.366666666666667
249.0,448.0,14.383333333333333
241.0,448.0,14.4
237.0,447.0,14.416666666666666
234.0,447.0,14.433333333333334
234.0,447.0,14.45
230.0,447.0,14.466666666666667
226.0,446.0,14.483333333333333
222.0,445.0,14.5
218.0,446.0,14.516666666666667
215.0,445.0,14.533333333333333
212.0,445.0,14.55
208.0,443.0,14.566666666666666
205.0,443.0,14.583333333333334
202.0,443.0,14.6
196.0,441.0,14.616666666666667
196.0,441.0,14.633333333333333
193.0,441.0,14.65
190.0,441.0,14.666666666666666
188.0,441.0,14.683333333333334
185.0,440.0,14.7
184.0,439.0,14.716666666666667
182.0,439.0,14.733333333333333
180.0,439.0,14.75
178.0,439.0,14.766666666666667
176.0,439.0,14.783333333333333
176.0,438.0,14.8
174.0,437.0,14.816666666666666
174.0,437.0,14.833333333333334
174.0,438.0,14.85
173.0,437.0,14.866666666666667
172.0,437.0,14.883333333333333
172.0,437.0,14.9
172.0,437.0,14.916666666666666
172.0,437.0,14.933333333333334
172.0,437.0,14.95
173.0,437.0,14.966666666666667
174.0,437.0,14.983333333333333
174.0,437.0,15.0
176.0,438.0,15.016666666666667
176.0,438.0,15.033333333333333
177.0,439.0,15.05
178.0,439.0,15.066666666666666
180.0,439.0,15.083333333333334
182.0,439.0,15.1
184.0,439.0,15.116666666666667
186.0,440.0,15.133333333333333
190.0,441.0,15.15
193.0,441.0,15.166666666666666
196.0,441.0,15.183333333333334
198.0,442.0,15.2
198.0,442.0,15.216666666666667
202.0,443.0,15.233333333333333
204.0,443.0,15.25
207.0,443.0,15.266666666666667
211.0,443.0,15.283333333333333
215.0,444.0,15.3
218.0,445.0,15.316666666666666
222.0,445.0,15.333333333333334
225.0,446.0,15.35
228.0,445.0,15.366666666666667
232.0,446.0,15.383333333333333
236.0,446.0,15.4
236.0,446.0,15.416666666666666
240.0,448.0,15.433333333333334
244.0,447.0,15.45
246.0,448.0,15.466666666666667
250.0,448.0,15.483333333333333
254.0,448.0,15.5
258.0,447.0,15.516666666666667
262.0,448.0,15.533333333333333
268.0,448.0,15.55
272.0,448.0,15.566666666666666
276.0,448.0,15.583333333333334
276.0,448.0,15.6
279.0,448.0,15.616666666666667
282.0,448.0,15.633333333333333
285.0,447.0,15.65
288.0,446.0,15.666666666666666
291.0,446.0,15.683333333333334
294.0,446.0,15.7
296.0,447.0,15.716666666666667
299.0,446.0,15.733333333333333
301.0,445.0,15.75
304.0,446.0,15.766666666666667
306.0,446.0,15.783333333333333
308.0,445.0,15.8
310.0,445.0,15.816666666666666
312.0,446.0,15.833333333333334
313.0,445.0,15.85
314.0,445.0,15.866666666666667
315.0,445.0,15.883333333333333
316.0,445.0,15.9
317.0,446.0,15.916666666666666
317.0,445.0,15.933333333333334
317.0,445.0,15.95
318.0,445.0,15.966666666666667
318.0,445.0,15.983333333333333
318.0,445.0,16.0
317.0,445.0,16.016666666666666
317.0,445.0,16.033333333333335
317.0,445.0,16.05
317.0,445.0,16.066666666666666
315.0,445.0,16.083333333333332
315.0,445.0,16.1
314.0,446.0,16.116666666666667
312.0,445.0,16.133333333333333
311.0,446.0,16.15
309.0,445.0,16.166666666666668
307.0,445.0,16.183333333333334
305.0,446.0,16.2
303.0,446.0,16.216666666666665
301.0,447.0,16.233333333333334
298.0,447.0,16.25
296.0,448.0,16.266666666666666
292.0,448.0,16.283333333333335
290.0,448.0,16.3
287.0,447.0,16.316666666666666
284.0,448.0,16.333333333333332
282.0,448.0,16.35
278.0,448.0,16.366666666666667
278.0,448.0,16.383333333333333
275.0,447.0,16.4
271.0,447.0,16.416666666666668
268.0,447.0,16.433333333333334
264.0,447.0,16.45
261.0,448.0,16.466666666666665
258.0,448.0,16.483333333333334
254.0,447.0,16.5
250.0,447.0,16.516666666666666
246.0,448.0,16.533333333333335
244.0,447.0,16.55
240.0,447.0,16.566666666666666
240.0,447.0,16.583333333333332
232.0,447.0,16.6
229.0,446.0,16.616666666666667
226.0,445.0,16.633333333333333
222.0,445.0,16.65
219.0,445.0,16.666666666666668
216.0,445.0,16.683333333333334
212.0,444.0,16.7
210.0,444.0,16.716666666666665
206.0,443.0,16.733333333333334
204.0,443.0,16.75
204.0,443.0,16.766666666666666
201.0,443.0,16.783333333333335
199.0,443.0,16.8
196.0,441.0,16.816666666666666
194.0,441.0,16.833333333333332
192.0,441.0,16.85
190.0,441.0,16.866666666666667
188.0,441.0,16.883333333333333
187.0,440.0,16.9
186.0,440.0,16.916666666666668
184.0,439.0,16.933333333333334
182.0,439.0,16.95
182.0,439.0,16.966666666666665
182.0,439.0,16.983333333333334
180.0,439.0,17.0
179.0,439.0,17.016666666666666
180.0,439.0,17.033333333333335
180.0,439.0,17.05
180.0,439.0,17.066666666666666
180.0,438.0,17.083333333333332
180.0,439.0,17.1
181.0,439.0,17.116666666666667
181.0,439.0,17.133333333333333
181.0,439.0,17.15
182.0,439.0,17.166666666666668
183.0,439.0,17.183333333333334
184.0,439.0,17.2
186.0,440.0,17.216666666666665
188.0,441.0,17.233333333333334
189.0,441.0,17.25
191.0,441.0,17.266666666666666
193.0,441.0,17.283333333333335
194.0,441.0,17.3
197.0,442.0,17.316666666666666
200.0,442.0,17.333333333333332
200.0,442.0,17.35
202.0,443.0,17.366666666666667
204.0,443.0,17.383333333333333
210.0,443.0,17.4
213.0,444.0,17.416666666666668
216.0,445.0,17.433333333333334
219.0,445.0,17.45
222.0,445.0,17.466666666666665
225.0,445.0,17.483333333333334
228.0,445.0,17.5
232.0,445.0,17.516666666666666
232.0,445.0,17.533333333333335
236.0,446.0,17.55
238.0,446.0,17.566666666666666
242.0,447.0,17.583333333333332
246.0,447.0,17.6
249.0,446.0,17.616666666666667
253.0,448.0,17.633333333333333
256.0,448.0,17.65
259.0,448.0,17.666666666666668
262.0,447.0,17.683333333333334
266.0,448.0,17.7
268.0,448.0,17.716666666666665
272.0,448.0,17.733333333333334
272.0,448.0,17.75
275.0,448.0,17.766666666666666
278.0,447.0,17.783333333333335
284.0,448.0,17.8
286.0,447.0,17.816666666666666
289.0,447.0,17.833333333333332
291.0,447.0,17.85
293.0,446.0,17.866666666666667
296.0,446.0,17.883333333333333
298.0,446.0,17.9
298.0,446.0,17.916666666666668
300.0,446.0,17.933333333333334
302.0,446.0,17.95
304.0,446.0,17.966666666666665
306.0,446.0,17.983333333333334
306.0,445.0,18.0
308.0,446.0,18.016666666666666
309.0,445.0,18.033333333333335
310.0,446.0,18.05
310.0,446.0,18.066666666666666
311.0,446.0,18.083333333333332
311.0,445.0,18.1
312.0,445.0,18.116666666666667
312.0,445.0,18.133333333333333
312.0,446.0,18.15
312.0,446.0,18.166666666666668
312.0,446.0,18.183333333333334
311.0,446.0,18.2
311.0,446.0,18.216666666666665
310.0,446.0,18.233333333333334
308.0,445.0,18.25
308.0,446.0,18.266666666666666
305.0,446.0,18.283333333333335
304.0,446.0,18.3
304.0,446.0,18.316666666666666
303.0,447.0,18.333333333333332
301.0,447.0,18.35
299.0,447.0,18.366666666666667
297.0,448.0,18.383333333333333
294.0,448.0,18.4
292.0,448.0,18.416666666666668
290.0,448.0,18.433333333333334
288.0,448.0,18.45
285.0,447.0,18.466666666666665
282.0,448.0,18.483333333333334
280.0,448.0,18.5
280.0,448.0,18.516666666666666
277.0,447.0,18.533333333333335
274.0,447.0,18.55
271.0,447.0,18.566666666666666
268.0,448.0,18.583333333333332
261.0,447.0,18.6
258.0,447.0,18.616666666666667
255.0,447.0,18.633333333333333
251.0,447.0,18.65
248.0,448.0,18.666666666666668
245.0,448.0,18.683333333333334
245.0,448.0,18.7
242.0,448.0,18.716666666666665
238.0,448.0,18.733333333333334
236.0,447.0,18.75
232.0,446.0,18.766666666666666
229.0,446.0,18.783333333333335
226.0,445.0,18.8
222.0,445.0,18.816666666666666
220.0,445.0,18.833333333333332
217.0,445.0,18.85
214.0,445.0,18.866666666666667
212.0,444.0,18.883333333333333
212.0,444.0,18.9
212.0,444.0,18.916666666666668
209.0,444.0,18.933333333333334
206.0,443.0,18.95
204.0,443.0,18.966666666666665
202.0,443.0,18.983333333333334
195.0,442.0,19.0
195.0,442.0,19.016666666666666
192.0,441.0,19.033333333333335
191.0,441.0,19.05
190.0,441.0,19.066666666666666
190.0,441.0,19.083333333333332
190.0,441.0,19.1
188.0,441.0,19.116666666666667
188.0,441.0,19.133333333333333
187.0,440.0,19.15
187.0,440.0,19.166666666666668
186.0,440.0,19.183333333333334
185.0,439.0,19.2
185.0,440.0,19.216666666666665
185.0,440.0,19.233333333333334
186.0,440.0,19.25
186.0,440.0,19.266666666666666
186.0,440.0,19.283333333333335
186.0,440.0,19.3
187.0,441.0,19.316666666666666
188.0,441.0,19.333333333333332
189.0,441.0,19.35
189.0,441.0,19.366666666666667
190.0,441.0,19.383333333333333
192.0,441.0,19.4
194.0,441.0,19.416666666666668
194.0,441.0,19.433333333333334
196.0,441.0,19.45
196.0,441.0,19.466666666666665
199.0,442.0,19.483333333333334
202.0,443.0,19.5
207.0,443.0,19.516666666666666
210.0,443.0,19.533333333333335
212.0,444.0,19.55
214.0,444.0,19.566666666666666
218.0,445.0,19.583333333333332
218.0,445.0,19.6
223.0,445.0,19.616666666666667
226.0,445.0,19.633333333333333
229.0,446.0,19.65
229.0,446.0,19.666666666666668
232.0,445.0,19.683333333333334
235.0,446.0,19.7
238.0,446.0,19.716666666666665
241.0,447.0,19.733333333333334
244.0,448.0,19.75
248.0,447.0,19.766666666666666
250.0,448.0,19.783333333333335
256.0,448.0,19.8
260.0,448.0,19.816666666666666
262.0,448.0,19.833333333333332
262.0,448.0,19.85
266.0,448.0,19.866666666666667
268.0,448.0,19.883333333333333
272.0,448.0,19.9
274.0,448.0,19.916666666666668
277.0,448.0,19.933333333333334
280.0,448.0,19.95
282.0,448.0,19.966666666666665
284.0,448.0,19.983333333333334
286.0,448.0,20.0
289.0,448.0,20.016666666666666
291.0,447.0,20.033333333333335
291.0,447.0,20.05
293.0,447.0,20.066666666666666
295.0,447.0,20.083333333333332
297.0,446.0,20.1
298.0,446.0,20.116666666666667
299.0,447.0,20.133333333333333
301.0,446.0,20.15
302.0,446.0,20.166666666666668
303.0,446.0,20.183333333333334
305.0,446.0,20.2
305.0,446.0,20.216666666666665
305.0,446.0,20.233333333333334
306.0,446.0,20.25
306.0,446.0,20.266666666666666
307.0,446.0,20.283333333333335
307.0,446.0,20.3
307.0,446.0,20.316666666666666
305.0,446.0,20.333333333333332
305.0,447.0,20.35
305.0,446.0,20.366666666666667
304.0,447.0,20.383333333333333
303.0,447.0,20.4
302.0,447.0,20.416666666666668
302.0,447.0,20.433333333333334
301.0,447.0,20.45
300.0,447.0,20.466666666666665
298.0,448.0,20.483333333333334
297.0,447.0,20.5
295.0,448.0,20.516666666666666
293.0,448.0,20.533333333333335
291.0,448.0,20.55
289.0,448.0,20.566666666666666
287.0,448.0,20.583333333333332
282.0,448.0,20.6
282.0,448.0,20.616666666666667
280.0,448.0,20.633333333333333
278.0,448.0,20.65
275.0,447.0,20.666666666666668
272.0,447.0,20.683333333333334
269.0,447.0,20.7
266.0,447.0,20.716666666666665
264.0,448.0,20.733333333333334
260.0,447.0,20.75
258.0,448.0,20.766666666666666
254.0,448.0,20.783333333333335
252.0,448.0,20.8
252.0,448.0,20.816666666666666
248.0,448.0,20.833333333333332
246.0,447.0,20.85
242.0,448.0,20.866666666666667
240.0,447.0,20.883333333333333
236.0,448.0,20.9
234.0,447.0,20.916666666666668
231.0,446.0,20.933333333333334
228.0,445.0,20.95
225.0,445.0,20.966666666666665
223.0,446.0,20.983333333333334
220.0,446.0,21.0
218.0,446.0,21.016666666666666
215.0,445.0,21.033333333333335
213.0,444.0,21.05
210.0,443.0,21.066666666666666
208.0,443.0,21.083333333333332
206.0,444.0,21.1
204.0,443.0,21.116666666666667
202.0,443.0,21.133333333333333
200.0,443.0,21.15
200.0,443.0,21.166666666666668
198.0,441.0,21.183333333333334
197.0,442.0,21.2
197.0,442.0,21.216666666666665
196.0,441.0,21.233333333333334
194.0,441.0,21.25
194.0,441.0,21.266666666666666
193.0,441.0,21.283333333333335
192.0,441.0,21.3
190.0,441.0,21.316666666666666
190.0,441.0,21.333333333333332
190.0,441.0,21.35
190.0,440.0,21.366666666666667
190.0,441.0,21.383333333333333
190.0,441.0,21.4
190.0,441.0,21.416666666666668
191.0,442.0,21.433333333333334
192.0,441.0,21.45
193.0,441.0,21.466666666666665
194.0,441.0,21.483333333333334
194.0,441.0,21.5
196.0,441.0,21.516666666666666
197.0,442.0,21.533333333333335
199.0,442.0,21.55
200.0,442.0,21.566666666666666
200.0,442.0,21.583333333333332
202.0,443.0,21.6
204.0,443.0,21.616666666666667
206.0,444.0,21.633333333333333
206.0,444.0,21.65
207.0,444.0,21.666666666666668
209.0,444.0,21.683333333333334
212.0,443.0,21.7
215.0,444.0,21.716666666666665
216.0,444.0,21.733333333333334
222.0,445.0,21.75
224.0,446.0,21.766666666666666
224.0,446.0,21.783333333333335
227.0,446.0,21.8
230.0,445.0,21.816666666666666
233.0,446.0,21.833333333333332
236.0,446.0,21.85
238.0,446.0,21.866666666666667
241.0,447.0,21.883333333333333
244.0,448.0,21.9
248.0,447.0,21.916666666666668
250.0,448.0,21.933333333333334
252.0,448.0,21.95
256.0,447.0,21.966666666666665
256.0,447.0,21.983333333333334
261.0,448.0,22.0
264.0,447.0,22.016666666666666
266.0,448.0,22.033333333333335
270.0,447.0,22.05
272.0,448.0,22.066666666666666
274.0,448.0,22.083333333333332
276.0,448.0,22.1
280.0,448.0,22.116666666666667
282.0,447.0,22.133333333333333
284.0,447.0,22.15
284.0,447.0,22.166666666666668
286.0,447.0,22.183333333333334
288.0,447.0,22.2
290.0,447.0,22.216666666666665
291.0,447.0,22.233333333333334
293.0,447.0,22.25
295.0,447.0,22.266666666666666
296.0,447.0,22.283333333333335
297.0,447.0,22.3
299.0,446.0,22.316666666666666
301.0,447.0,22.333333333333332
301.0,447.0,22.35
301.0,446.0,22.366666666666667
301.0,447.0,22.383333333333333
302.0,447.0,22.4
303.0,447.0,22.416666666666668
303.0,447.0,22.433333333333334
303.0,446.0,22.45
303.0,447.0,22.466666666666665
303.0,447.0,22.483333333333334
302.0,447.0,22.5
301.0,447.0,22.516666666666666
301.0,447.0,22.533333333333335
301.0,447.0,22.55
300.0,448.0,22.566666666666666
299.0,447.0,22.583333333333332
298.0,447.0,22.6
298.0,447.0,22.616666666666667
297.0,447.0,22.633333333333333
292.0,448.0,22.65
291.0,448.0,22.666666666666668
289.0,447.0,22.683333333333334
287.0,447.0,22.7
285.0,447.0,22.716666666666665
285.0,447.0,22.733333333333334
283.0,447.0,22.75
281.0,447.0,22.766666666666666
278.0,447.0,22.783333333333335
276.0,447.0,22.8
274.0,447.0,22.816666666666666
272.0,447.0,22.833333333333332
269.0,447.0,22.85
266.0,447.0,22.866666666666667
264.0,448.0,22.883333333333333
260.0,447.0,22.9
258.0,448.0,22.916666666666668
258.0,448.0,22.933333333333334
255.0,448.0,22.95
252.0,448.0,22.966666666666665
250.0,448.0,22.983333333333334
246.0,448.0,23.0
244.0,448.0,23.016666666666666
238.0,446.0,23.033333333333335
236.0,446.0,23.05
232.0,446.0,23.066666666666666
230.0,446.0,23.083333333333332
228.0,446.0,23.1
228.0,446.0,23.116666666666667
225.0,446.0,23.133333333333333
223.0,446.0,23.15
221.0,445.0,23.166666666666668
218.0,445.0,23.183333333333334
216.0,445.0,23.2
214.0,444.0,23.216666666666665
212.0,444.0,23.233333333333334
209.0,443.0,23.25
207.0,443.0,23.266666666666666
206.0,444.0,23.283333333333335
204.0,443.0,23.3
204.0,443.0,23.316666666666666
202.0,443.0,23.333333333333332
201.0,443.0,23.35
200.0,442.0,23.366666666666667
198.0,442.0,23.383333333333333
198.0,441.0,23.4
196.0,441.0,23.416666666666668
195.0,441.0,23.433333333333334
194.0,441.0,23.45
194.0,441.0,23.466666666666665
193.0,442.0,23.483333333333334
193.0,442.0,23.5
194.0,442.0,23.516666666666666
193.0,441.0,23.533333333333335
194.0,442.0,23.55
194.0,441.0,23.566666666666666
194.0,441.0,23.583333333333332
195.0,441.0,23.6
196.0,441.0,23.616666666666667
196.0,441.0,23.633333333333333
198.0,441.0,23.65
199.0,442.0,23.666666666666668
200.0,442.0,23.683333333333334
200.0,442.0,23.7
202.0,443.0,23.716666666666665
203.0,443.0,23.733333333333334
204.0,443.0,23.75
206.0,443.0,23.766666666666666
207.0,443.0,23.783333333333335
209.0,443.0,23.8
212.0,443.0,23.816666666666666
216.0,444.0,23.833333333333332
218.0,445.0,23.85
220.0,445.0,23.866666666666667
220.0,445.0,23.883333333333333
223.0,446.0,23.9
225.0,446.0,23.916666666666668
228.0,446.0,23.933333333333334
230.0,445.0,23.95
233.0,446.0,23.966666666666665
236.0,446.0,23.983333333333334
238.0,446.0,24.0
241.0,447.0,24.016666666666666
244.0,446.0,24.033333333333335
246.0,448.0,24.05
250.0,448.0,24.066666666666666
250.0,448.0,24.083333333333332
252.0,448.0,24.1
254.0,448.0,24.116666666666667
257.0,448.0,24.133333333333333
260.0,448.0,24.15
262.0,448.0,24.166666666666668
265.0,447.0,24.183333333333334
268.0,448.0,24.2
270.0,448.0,24.216666666666665
272.0,448.0,24.233333333333334
275.0,447.0,24.25
276.0,448.0,24.266666666666666
279.0,447.0,24.283333333333335
281.0,448.0,24.3
283.0,447.0,24.316666666666666
285.0,448.0,24.333333333333332
286.0,448.0,24.35
288.0,448.0,24.366666666666667
290.0,447.0,24.383333333333333
292.0,448.0,24.4
293.0,448.0,24.416666666666668
295.0,447.0,24.433333333333334
295.0,447.0,24.45
295.0,447.0,24.466666666666665
297.0,447.0,24.483333333333334
297.0,448.0,24.5
298.0,447.0,24.516666666666666
299.0,447.0,24.533333333333335
299.0,447.0,24.55
300.0,446.0,24.566666666666666
300.0,447.0,24.583333333333332
300.0,448.0,24.6
300.0,448.0,24.616666666666667
299.0,448.0,24.633333333333333
300.0,447.0,24.65
299.0,447.0,24.666666666666668
299.0,447.0,24.683333333333334
298.0,446.0,24.7
297.0,447.0,24.716666666666665
296.0,447.0,24.733333333333334
295.0,448.0,24.75
293.0,447.0,24.766666666666666
292.0,448.0,24.783333333333335
290.0,448.0,24.8
289.0,448.0,24.816666666666666
288.0,448.0,24.833333333333332
286.0,448.0,24.85
286.0,448.0,24.866666666666667
284.0,448.0,24.883333333333333
282.0,448.0,24.9
280.0,447.0,24.916666666666668
278.0,447.0,24.933333333333334
276.0,448.0,24.95
273.0,447.0,24.966666666666665
271.0,447.0,24.983333333333334
269.0,447.0,25.0
266.0,447.0,25.016666666666666
264.0,448.0,25.033333333333335
261.0,447.0,25.05
261.0,447.0,25.066666666666666
258.0,447.0,25.083333333333332
256.0,448.0,25.1
254.0,448.0,25.116666666666667
250.0,448.0,25.133333333333333
248.0,447.0,25.15
242.0,447.0,25.166666666666668
240.0,448.0,25.183333333333334
238.0,447.0,25.2
234.0,447.0,25.216666666666665
234.0,447.0,25.233333333333334
233.0,446.0,25.25
233.0,446.0,25.266666666666666
230.0,445.0,25.283333333333335
228.0,445.0,25.3
225.0,445.0,25.316666666666666
223.0,445.0,25.333333333333332
220.0,445.0,25.35
216.0,445.0,25.366666666666667
214.0,444.0,25.383333333333333
210.0,444.0,25.4
210.0,443.0,25.416666666666668
208.0,443.0,25.433333333333334
207.0,443.0,25.45
206.0,443.0,25.466666666666665
204.0,443.0,25.483333333333334
203.0,443.0,25.5
202.0,443.0,25.516666666666666
201.0,442.0,25.533333333333335
200.0,442.0,25.55
199.0,442.0,25.566666666666666
198.0,442.0,25.583333333333332
198.0,442.0,25.6
198.0,441.0,25.616666666666667
198.0,441.0,25.633333333333333
197.0,442.0,25.65
197.0,442.0,25.666666666666668
197.0,442.0,25.683333333333334
197.0,441.0,25.7
198.0,441.0,25.716666666666665
197.0,442.0,25.733333333333334
198.0,441.0,25.75
199.0,442.0,25.766666666666666
199.0,442.0,25.783333333333335
200.0,442.0,25.8
201.0,442.0,25.816666666666666
203.0,442.0,25.833333333333332
204.0,443.0,25.85
205.0,443.0,25.866666666666667
206.0,443.0,25.883333333333333
208.0,443.0,25.9
210.0,443.0,25.916666666666668
212.0,443.0,25.933333333333334
213.0,444.0,25.95
215.0,444.0,25.966666666666665
217.0,445.0,25.983333333333334
219.0,445.0,26.0
219.0,445.0,26.016666666666666
221.0,445.0,26.033333333333335
224.0,445.0,26.05
226.0,445.0,26.066666666666666
228.0,445.0,26.083333333333332
231.0,446.0,26.1
232.0,446.0,26.116666666666667
235.0,446.0,26.133333333333333
238.0,447.0,26.15
240.0,447.0,26.166666666666668
242.0,447.0,26.183333333333334
246.0,448.0,26.2
248.0,447.0,26.216666666666665
250.0,448.0,26.233333333333334
253.0,448.0,26.25
256.0,448.0,26.266666666666666
258.0,447.0,26.283333333333335
260.0,447.0,26.3
263.0,448.0,26.316666666666666
266.0,448.0,26.333333333333332
268.0,448.0,26.35
270.0,448.0,26.366666666666667
272.0,448.0,26.383333333333333
272.0,448.0,26.4
274.0,448.0,26.416666666666668
276.0,448.0,26.433333333333334
278.0,448.0,26.45
280.0,448.0,26.466666666666665
282.0,448.0,26.483333333333334
284.0,447.0,26.5
286.0,448.0,26.516666666666666
287.0,447.0,26.533333333333335
288.0,448.0,26.55
290.0,448.0,26.566666666666666
291.0,448.0,26.583333333333332
291.0,448.0,26.6
293.0,448.0,26.616666666666667
295.0,448.0,26.633333333333333
295.0,448.0,26.65
296.0,448.0,26.666666666666668
296.0,448.0,26.683333333333334
296.0,448.0,26.7
296.0,448.0,26.716666666666665
297.0,448.0,26.733333333333334
296.0,448.0,26.75
296.0,448.0,26.766666666666666
296.0,448.0,26.783333333333335
296.0,448.0,26.8
296.0,448.0,26.816666666666666
296.0,448.0,26.833333333333332
295.0,448.0,26.85
294.0,448.0,26.866666666666667
294.0,448.0,26.883333333333333
292.0,448.0,26.9
291.0,448.0,26.916666666666668
290.0,448.0,26.933333333333334
288.0,448.0,26.95
288.0,448.0,26.966666666666665
286.0,448.0,26.983333333333334
284.0,447.0,27.0
282.0,448.0,27.016666666666666
281.0,447.0,27.033333333333335
279.0,447.0,27.05
277.0,447.0,27.066666666666666
275.0,447.0,27.083333333333332
272.0,447.0,27.1
270.0,447.0,27.116666666666667
268.0,447.0,27.133333333333333
266.0,448.0,27.15
266.0,448.0,27.166666666666668
264.0,448.0,27.183333333333334
261.0,447.0,27.2
258.0,447.0,27.216666666666665
256.0,447.0,27.233333333333334
254.0,448.0,27.25
251.0,448.0,27.266666666666666
248.0,448.0,27.283333333333335
246.0,448.0,27.3
244.0,448.0,27.316666666666666
242.0,448.0,27.333333333333332
239.0,447.0,27.35
236.0,447.0,27.366666666666667
236.0,447.0,27.383333333333333
232.0,446.0,27.4
229.0,445.0,27.416666666666668
227.0,445.0,27.433333333333334
225.0,446.0,27.45
223.0,445.0,27.466666666666665
220.0,445.0,27.483333333333334
218.0,445.0,27.5
216.0,445.0,27.516666666666666
214.0,444.0,27.533333333333335
213.0,444.0,27.55
213.0,444.0,27.566666666666666
212.0,444.0,27.583333333333332
210.0,443.0,27.6
208.0,443.0,27.616666666666667
207.0,443.0,27.633333333333333
206.0,443.0,27.65
204.0,443.0,27.666666666666668
204.0,443.0,27.683333333333334
202.0,443.0,27.7
202.0,442.0,27.716666666666665
201.0,442.0,27.733333333333334
200.0,442.0,27.75
200.0,442.0,27.766666666666666
201.0,442.0,27.783333333333335
200.0,442.0,27.8
199.0,442.0,27.816666666666666
199.0,442.0,27.833333333333332
200.0,442.0,27.85
200.0,442.0,27.866666666666667
200.0,442.0,27.883333333333333
201.0,442.0,27.9
201.0,442.0,27.916666666666668
203.0,442.0,27.933333333333334
203.0,442.0,27.95
204.0,443.0,27.966666666666665
204.0,443.0,27.983333333333334
206.0,444.0,28.0
206.0,443.0,28.016666666666666
207.0,443.0,28.033333333333335
209.0,443.0,28.05
210.0,443.0,28.066666666666666
213.0,444.0,28.083333333333332
214.0,444.0,28.1
216.0,444.0,28.116666666666667
218.0,445.0,28.133333333333333
218.0,445.0,28.15
220.0,445.0,28.166666666666668
222.0,445.0,28.183333333333334
223.0,445.0,28.2
228.0,446.0,28.216666666666665
230.0,445.0,28.233333333333334
233.0,446.0,28.25
234.0,447.0,28.266666666666666
238.0,447.0,28.283333333333335
240.0,447.0,28.3
242.0,446.0,28.316666666666666
244.0,448.0,28.333333333333332
244.0,448.0,28.35
246.0,448.0,28.366666666666667
249.0,448.0,28.383333333333333
252.0,448.0,28.4
254.0,447.0,28.416666666666668
256.0,447.0,28.433333333333334
258.0,448.0,28.45
261.0,448.0,28.466666666666665
264.0,448.0,28.483333333333334
266.0,448.0,28.5
268.0,448.0,28.516666666666666
270.0,448.0,28.533333333333335
270.0,448.0,28.55
272.0,448.0,28.566666666666666
274.0,448.0,28.583333333333332
278.0,448.0,28.6
280.0,448.0,28.616666666666667
282.0,448.0,28.633333333333333
283.0,447.0,28.65
284.0,448.0,28.666666666666668
286.0,448.0,28.683333333333334
287.0,448.0,28.7
288.0,448.0,28.716666666666665
288.0,448.0,28.733333333333334
290.0,448.0,28.75
290.0,448.0,28.766666666666666
291.0,448.0,28.783333333333335
292.0,448.0,28.8
292.0,448.0,28.816666666666666
293.0,448.0,28.833333333333332
294.0,447.0,28.85
294.0,447.0,28.866666666666667
294.0,448.0,28.883333333333333
294.0,448.0,28.9
294.0,448.0,28.916666666666668
294.0,448.0,28.933333333333334
294.0,448.0,28.95
294.0,448.0,28.966666666666665
293.0,448.0,28.983333333333334
292.0,448.0,29.0
291.0,448.0,29.016666666666666
290.0,448.0,29.033333333333335
289.0,447.0,29.05
288.0,448.0,29.066666666666666
287.0,447.0,29.083333333333332
286.0,448.0,29.1
286.0,448.0,29.116666666666667
284.0,448.0,29.133333333333333
283.0,447.0,29.15
282.0,448.0,29.166666666666668
279.0,448.0,29.183333333333334
278.0,448.0,29.2
276.0,447.0,29.216666666666665
274.0,447.0,29.233333333333334
272.0,447.0,29.25
270.0,447.0,29.266666666666666
268.0,447.0,29.283333333333335
266.0,448.0,29.3
264.0,448.0,29.316666666666666
264.0,448.0,29.333333333333332
261.0,448.0,29.35
259.0,447.0,29.366666666666667
256.0,448.0,29.383333333333333
252.0,448.0,29.4
252.0,448.0,29.416666666666668
247.0,448.0,29.433333333333334
245.0,448.0,29.45
242.0,447.0,29.466666666666665
240.0,446.0,29.483333333333334
238.0,447.0,29.5
238.0,447.0,29.516666666666666
236.0,447.0,29.533333333333335
233.0,446.0,29.55
231.0,445.0,29.566666666666666
229.0,445.0,29.583333333333332
227.0,446.0,29.6
225.0,446.0,29.616666666666667
223.0,446.0,29.633333333333333
221.0,444.0,29.65
218.0,445.0,29.666666666666668
218.0,445.0,29.683333333333334
216.0,444.0,29.7
216.0,444.0,29.716666666666665
214.0,444.0,29.733333333333334
212.0,443.0,29.75
211.0,443.0,29.766666666666666
209.0,444.0,29.783333333333335
209.0,443.0,29.8
206.0,443.0,29.816666666666666
206.0,442.0,29.833333333333332
204.0,443.0,29.85
204.0,442.0,29.866666666666667
203.0,443.0,29.883333333333333
203.0,443.0,29.9
202.0,443.0,29.916666666666668
202.0,442.0,29.933333333333334
202.0,442.0,29.95
202.0,442.0,29.966666666666665
202.0,442.0,29.983333333333334
202.0,442.0,30.0
202.0,442.0,30.016666666666666
203.0,442.0,30.033333333333335
203.0,443.0,30.05
204.0,444.0,30.066666666666666
204.0,443.0,30.083333333333332
205.0,443.0,30.1
205.0,443.0,30.116666666666667
206.0,443.0,30.133333333333333
207.0,443.0,30.15
208.0,443.0,30.166666666666668
209.0,444.0,30.183333333333334
211.0,443.0,30.2
214.0,443.0,30.216666666666665
215.0,444.0,30.233333333333334
216.0,444.0,30.25
218.0,445.0,30.266666666666666
218.0,445.0,30.283333333333335
220.0,445.0,30.3
222.0,446.0,30.316666666666666
224.0,446.0,30.333333333333332
226.0,446.0,30.35
228.0,446.0,30.366666666666667
230.0,445.0,30.383333333333333
232.0,445.0,30.4
234.0,445.0,30.416666666666668
236.0,446.0,30.433333333333334
238.0,446.0,30.45
241.0,447.0,30.466666666666665
244.0,448.0,30.483333333333334
244.0,448.0,30.5
246.0,448.0,30.516666666666666
248.0,448.0,30.533333333333335
250.0,448.0,30.55
252.0,448.0,30.566666666666666
254.0,448.0,30.583333333333332
257.0,448.0,30.6
262.0,447.0,30.616666666666667
264.0,448.0,30.633333333333333
266.0,448.0,30.65
268.0,448.0,30.666666666666668
268.0,448.0,30.683333333333334
270.0,448.0,30.7
272.0,448.0,30.716666666666665
274.0,448.0,30.733333333333334
276.0,448.0,30.75
277.0,447.0,30.766666666666666
278.0,447.0,30.783333333333335
280.0,448.0,30.8
282.0,448.0,30.816666666666666
283.0,447.0,30.833333333333332
284.0,447.0,30.85
286.0,447.0,30.866666666666667
286.0,447.0,30.883333333333333
287.0,447.0,30.9
288.0,447.0,30.916666666666668
288.0,448.0,30.933333333333334
290.0,447.0,30.95
290.0,447.0,30.966666666666665
290.0,448.0,30.983333333333334
291.0,447.0,31.0
291.0,447.0,31.016666666666666
292.0,447.0,31.033333333333335
292.0,447.0,31.05
292.0,447.0,31.066666666666666
292.0,447.0,31.083333333333332
292.0,447.0,31.1
291.0,447.0,31.116666666666667
291.0,448.0,31.133333333333333
290.0,448.0,31.15
289.0,447.0,31.166666666666668
288.0,448.0,31.183333333333334
288.0,447.0,31.2
287.0,448.0,31.216666666666665
286.0,447.0,31.233333333333334
284.0,447.0,31.25
284.0,447.0,31.266666666666666
283.0,447.0,31.283333333333335
282.0,448.0,31.3
280.0,447.0,31.316666666666666
279.0,447.0,31.333333333333332
277.0,447.0,31.35
276.0,448.0,31.366666666666667
273.0,447.0,31.383333333333333
270.0,447.0,31.4
268.0,447.0,31.416666666666668
266.0,448.0,31.433333333333334
264.0,448.0,31.45
264.0,448.0,31.466666666666665
262.0,448.0,31.483333333333334
260.0,448.0,31.5
257.0,448.0,31.516666666666666
255.0,448.0,31.533333333333335
252.0,448.0,31.55
250.0,448.0,31.566666666666666
248.0,448.0,31.583333333333332
246.0,448.0,31.6
244.0,448.0,31.616666666666667
242.0,447.0,31.633333333333333
242.0,447.0,31.65
240.0,447.0,31.666666666666668
237.0,446.0,31.683333333333334
235.0,446.0,31.7
232.0,446.0,31.716666666666665
230.0,445.0,31.733333333333334
228.0,445.0,31.75
227.0,446.0,31.766666666666666
225.0,446.0,31.783333333333335
222.0,446.0,31.8
220.0,445.0,31.816666666666666
218.0,444.0,31.833333333333332
218.0,444.0,31.85
216.0,444.0,31.866666666666667
215.0,444.0,31.883333333333333
213.0,444.0,31.9
212.0,443.0,31.916666666666668
211.0,444.0,31.933333333333334
210.0,443.0,31.95
209.0,444.0,31.966666666666665
209.0,444.0,31.983333333333334
208.0,443.0,32.0
207.0,443.0,32.016666666666666
206.0,444.0,32.03333333333333
206.0,443.0,32.05
206.0,443.0,32.06666666666667
205.0,443.0,32.083333333333336
204.0,443.0,32.1
204.0,443.0,32.11666666666667
204.0,443.0,32.13333333333333
204.0,443.0,32.15
204.0,443.0,32.166666666666664
205.0,443.0,32.18333333333333
205.0,443.0,32.2
206.0,443.0,32.21666666666667
206.0,443.0,32.233333333333334
207.0,443.0,32.25
207.0,443.0,32.266666666666666
209.0,444.0,32.28333333333333
210.0,444.0,32.3
211.0,444.0,32.31666666666667
212.0,443.0,32.333333333333336
214.0,443.0,32.35
215.0,444.0,32.36666666666667
216.0,444.0,32.38333333333333
218.0,444.0,32.4
220.0,445.0,32.416666666666664
220.0,445.0,32.43333333333333
220.0,445.0,32.45
222.0,446.0,32.46666666666667
224.0,445.0,32.483333333333334
226.0,445.0,32.5
228.0,445.0,32.516666666666666
230.0,445.0,32.53333333333333
232.0,445.0,32.55
234.0,445.0,32.56666666666667
236.0,446.0,32.583333333333336
238.0,446.0,32.6
240.0,447.0,32.61666666666667
240.0,447.0,32.63333333333333
242.0,448.0,32.65
242.0,447.0,32.666666666666664
248.0,448.0,32.68333333333333
252.0,448.0,32.7
254.0,448.0,32.71666666666667
256.0,448.0,32.733333333333334
258.0,448.0,32.75
260.0,448.0,32.766666666666666
262.0,448.0,32.78333333333333
264.0,448.0,32.8
266.0,448.0,32.81666666666667
266.0,448.0,32.833333333333336
268.0,448.0,32.85
270.0,448.0,32.86666666666667
272.0,448.0,32.88333333333333
274.0,448.0,32.9
275.0,447.0,32.916666666666664
